,Company,Revenue Growth (%),Net Income Growth (%),Assets Growth (%),Liabilities Growth (%),Cashflow Growth (%)
0,Apple,1.664442357954891,0.8657716488695769,0.14831406525338173,0.35558607075341087,2.6356642050201273
1,Microsoft,8.279366728442199,6.065639152203058,7.408498024195816,2.3840829812587025,4.796562996134912
2,Tesla,23.382306381278074,47.326534088630204,20.670474739918735,12.438190643784056,6.032691628700197
